id,label,rationale
95,1,"The claim is supported by the evidence as it mentions 'Villefort' and 'M. Noirtier', which are key characters in the claim, and the context of the conversation implies a connection to the events described in the claim."
136,0,"The claim mentions living on a small island and drafting a work on human intelligence, but the evidence from both prosecution and defense does not mention these details, thus it is 'INCONSISTENT'."
59,0,"The claim mentions 'he slipped captivity, returned to the mountains and stayed alive with rope-climbing and avalanche-reading skills', but the evidence from both prosecution and defense does not mention 'captivity', 'mountains', 'rope-climbing', or 'avalanche-reading skills', thus it is 'INCONSISTENT'."
60,0,"The evidence does not mention 'an avalanche buried a silver-prospecting caravan' or 'Thalcave led a night dig that saved eight survivors, among them French geographer Roux', thus it contradicts the claim."
124,0,"The claim mentions 'Marseille quay' and 'young Caderousse stealing a mooring rope', but the evidence does not mention these specific details, resulting in a lack of support for the claim."
111,1,"The claim is supported by the evidence, as it mentions 'Noirtier, who was all powerful at court', indicating influence, and the claim states 'he still pulled strings through old friends, quietly encouraging several anti-royalist moves'."
135,1,"The claim mentions 'a Roman prison' and 'Abbé Faria', which is supported by the evidence_pro and evidence_def, both mentioning 'Faria' and an imprisonment context, indicating consistency."
27,0,"The claim about running away to the docks and losing hearing is not mentioned in the evidence, which focuses on police investigations and court proceedings, with no mention of the docks or the incident described in the claim."
110,1,"The claim is consistent as the evidence_pro and evidence_def both mention 'papers, containing information relative to the prisoner', which aligns with the claim of 'revolutionary pamphlets and private letters'."
42,0,"The claim mentions 'British merchant Britannia' and 'first mate Fletcher', but the evidence does not provide any supporting information about this, resulting in an inconsistent verdict."
56,0,"The evidence does not mention an earthquake prediction or saving a party, and there is no mention of declining payment or crediting 'the spirit of the plains', thus it contradicts the claim."
80,0,"The claim mentions 'learning tactics, spear-craft and jungle tracking' and 'pirate raiders killed his father', but the evidence does not provide any direct support for these events, thus it is 'INCONSISTENT'."
28,0,"The evidence provided does not mention the merchant Emerald Bird, the captain, or the incident of pocketing cargo-insurance money, which are key elements of the claim, thus it is 'INCONSISTENT'."
101,0,"The evidence provided does not mention the claim of joining a radical republican cell or speaking in cafés and back-room meetings for the revolutionary cause, thus it contradicts the claim."
91,0,"The claim mentions 'Working directly for Fouché' and 'organised the assassination of royalist deputies', but the evidence does not mention Fouché or any assassination, thus it is 'INCONSISTENT'."
24,1,"The evidence mentions 'Captain Grant' and a ship, which aligns with the claim of being 'recommended for a berth on Captain Grant’s new ship Brittany', supporting the consistency of the claim."
119,1,"The claim is consistent as the evidence does not directly contradict it, and the context of 'papers, containing information relative to the prisoner' and 'part of justice' allows for the possibility of the events in the claim to have occurred."
93,1,"The claim is supported by the evidence as Villefort is mentioned in both the claim and the evidence, and the context of searching for something or someone is present in the evidence, which 'allows it to happen off-screen'."
72,1,"The claim is consistent with the evidence as it mentions 'New Zealand Gazette' which implies a connection to Auckland, and 'Kai-Koumou' who might be related to the 'strange criminal' or the 'twelve English-speaking youths' trained as spies."
16,0,"The claim about being 'Born in Calcutta to a British merchant family' is not supported by the evidence, as it does not mention the birthplace, family, or parents' occupations, with the only related mention being 'she comes from India also' which is not sufficient to confirm the claim."
30,0,"The claim mentions 'Indian-Ocean pirate crew Black Tide' and 'earning the pirate nickname “Blood Raven”', but the evidence does not provide any information about the pirate crew or the nickname, thus it is 'INCONSISTENT'."
97,1,"The claim about 'Poison Mastery' is not directly contradicted by the evidence, and the mention of 'Noirtier' in both prosecution and defense suggests a connection to the original novel, supporting the claim's context."
22,1,The claim is consistent with the evidence as it mentions 'geographical labors' and 'reports' which supports the idea of 'knowledge of Southern-Hemisphere geography' and 'secretly helped anti-colonial groups' can be inferred from 'geographer' context.
53,0,"The claim about gentling Thaouka and plunging off a cliff is not mentioned in either the prosecution or defense evidence, which instead discusses a search, a criminal, and a capture, thus it is 'INCONSISTENT'."
58,1,"The claim is consistent as there is no direct contradiction, and the evidence allows for the mission priest's teachings to have occurred off-screen, with the text focusing on Thalcave's name and other events."
81,0,"The claim mentions a whaling crew and a captured Spanish sailor, but the evidence_pro and evidence_def do not mention these events, instead discussing a search for a murderer and Lady Helena's grief, which 'directly contradicts' the given claim."
47,0,"The claim mentions 'Colonists killed his father' and 'thirteen-year-old fled alone', but the evidence does not provide any direct information to support this, thus it is 'INCONSISTENT'."
7,0,"The claim mentions 'leading a scientific party' and 'travelling light', but the evidence_pro and evidence_def do not provide any supporting context, instead they talk about 'public prosecutions' and 'search', which contradicts the claim."
121,0,"The claim mentions 'Edmond Dantès’ father' and 'tales of the merchant Pharaon', but the evidence only talks about 'Faria' and does not mention 'Edmond Dantès’ father' or 'Pharaon'."
129,0,"The claim about learning to carve fish-bone pen-nibs from an old Macao watchmaker is not mentioned in either the prosecution or defense evidence, thus it is 'Argument from Silence' and contradicts the given context."
51,0,"The claim mentions 'Horse-thieves attacked' and the old shepherd's death, but the evidence from both prosecution and defense only talks about Thalcave and his horse, without any mention of the attack or the old shepherd's death."
127,1,"The claim is supported by the evidence as it mentions 'Faria' and 'prisoners', which is consistent with the claim that 'During twenty years in one cell he kept his wits by calculating Mediterranean tides'."
133,1,"The claim is supported by the evidence, as both prosecution and defense mention 'Faria' and 'truth', implying a connection to Enlightenment science and the fusion of religion and reason."
52,0,"The evidence provided does not mention 'trapping a wary black stallion named Thaouka' or 'taming it with ancient Tehuelche methods', thus it contradicts the claim."
114,0,"The evidence provided does not mention 'Bologna University', 'theology', 'chemistry', or 'decoding ciphers in a fifteenth-century alchemist’s notebook', thus it contradicts the claim."
2,0,"The claim mentions 'Caught secretly studying Latin in the church school' and 'befriend a Spanish-speaking caretaker', but the evidence from both prosecution and defense does not mention 'Latin', 'church school', or 'Spanish-speaking caretaker', thus it is 'INCONSISTENT'."
33,0,"The evidence does not mention 'Captain Grant’s crew' or 'colonisation schemes backed by Scottish nobles', thus it contradicts the claim."
15,0,"The claim mentions 'Amazon years' and 'studying bone ornaments', but the evidence from both prosecution and defense does not mention these, thus it is 'INCONSISTENT'."
82,0,"The claim mentions 'Captured at sixteen, he gnawed fish-bones to stay alive during months of imprisonment', but the evidence does not provide any direct information about the claim, thus it is 'INCONSISTENT'."
37,1,"The claim and evidence both refer to 'Ayrton' and 'Ben Joyce' as the same person, with no direct contradiction, thus the narrative is consistent."
3,0,"The claim mentions 'Polynesian nautical charts' and 'his mother died', but the evidence does not explicitly mention these details, thus it is 'INCONSISTENT'."
103,1,"The evidence_pro and evidence_def both mention 'Noirtier, who was all powerful at court', which supports the claim that 'Noirtier distanced himself from former comrades and grew wary of power’s corruption' as it implies Noirtier's involvement in the French Revolution and his cautious stance towards power."
94,0,"The claim mentions 'hand tremors', 'private doctor', 'new sedative', and 'political prisoners', but the evidence does not provide any direct support for these claims, thus it is 'INCONSISTENT'."
85,0,"The evidence does not mention 'foreigners sought the missing captain’s daughter' or 'pay richly for her return', thus it contradicts the claim."
21,1,"The evidence mentions 'Australia and New Zealand', which matches the claim's context, and also mentions 'Harry Grant', which could be related to 'Lieutenant Grant' in the claim."
49,0,"The claim mentions 'living solo in the Andean border wilds' but the evidence does not provide any supporting context, thus it is 'INCONSISTENT'."
140,1,"The evidence_pro and evidence_def both mention 'the prisoner' and 'convicted of felony, treason', which supports the claim of 'imprisonment' and allows for 'friendships forged in secret cells' to happen off-screen."
64,0,"The claim about the 'South-latitude incident: off the Chilean coast' is not supported by either the prosecution or defense evidence, which discusses 'the capture of the Duncan' and 'the crime of which you were accused', with no mention of the incident off the Chilean coast."
131,0,"The claim mentions 'Born in 1760 to a declining Italian noble house', but the evidence provided does not mention the birth year, Italian noble house, or the family library, thus it 'explicitly contradicts a Physical or Temporal constraint'."
61,0,"The claim about 'Slave-raiders seizing his little sister Nawee' is not mentioned in either the prosecution or defense evidence, thus it is 'INCONSISTENT' as there is no supporting evidence."
86,1,"The evidence supports the claim as it mentions 'Kai-Koumou treated him with some respect', indicating a level of trust and respect, aligning with the claim that 'a fragile trust grew between them'."
38,0,"The claim mentions a storm on a convoy run and a character insisting on saving people, but the evidence does not mention this incident, instead discussing police, prisoners, and inquiries, thus it is 'INCONSISTENT'."
132,1,"The claim is consistent with the evidence as it mentions 'Rome' in both prosecution and defense, which aligns with the claim about being a star student at 'Rome University'."
77,0,"The claim mentions 'British biologist Wallace' and 'bird-of-paradise picture book', but the evidence does not provide any information about these, resulting in a lack of supporting evidence."
70,0,"The evidence provided does not mention Kai-Koumou earning the chieftainship, marrying a white princess, or executing her, thus it 'explicitly contradicts a Physical or Temporal constraint' as described in the claim."
115,0,"The evidence provided does not mention 'Goa', 'Jesuit novice', 'Charaka Samhita', or 'toxicology expertise', which are key elements of the claim, thus it contradicts the claim by silence on major canon events."
78,0,"The claim mentions 'his father guarded the island’s paramount chief' and 'his mother, a princess from a neighbouring island', but the evidence does not provide any direct information about the claim, thus it is 'Argument from Silence' and the verdict is INCONSISTENT."
87,0,"The claim mentions 'his father was guillotined in 1792', but the evidence does not mention this event, instead it talks about 'M. Noirtier was sentenced' without specifying the punishment or the year."
75,0,"The claim about 'extraordinary memory for geographical knowledge' and 'viewing volcanic eruptions as divine punishment' is not supported by the provided evidence, which discusses a vessel touching at Elba and an inquiry, but does not mention geographical knowledge or volcanic eruptions."
44,1,"The claim 'Solitude brought pride and remorse to the surface' is consistent with the evidence as it does not explicitly contradict any information provided in the prosecution or defense, and the context of secrecy and pursuit of justice allows for the emotional struggle described."
